﻿country,ChineseCountryName,Continent,MajorLanguage, Density , LandArea ,MajorReligion,District,IncomeLevel,GDP,GDPpercapita,population,PopulationGrowthRate,PopulationSexRation,HumanCapitalIndex
Albania,阿尔巴尼亚,欧洲,阿尔巴尼亚语,105,2.8748,伊斯兰教,东欧与中亚,中上收入,11.93,11424.63,2926.35,0.12,1.02,58.22
Algeria,阿尔及利亚,非洲,阿拉伯语,17,238.1741,伊斯兰教,中东与北非,中上收入,156.08,13974.67,40606.05,1.78,1.02,51.51
Angola,安哥拉,非洲,葡萄牙语,23.1,124.67,天主教,撒哈拉以南非洲,中下收入,89.63,6024.73,28813.46,3.34,0.96,
Argentina,阿根廷,南美洲,西班牙语,16,278.04,天主教,拉丁美洲与加勒比海地区,中上收入,545.87,18479.44,43847.43,0.97,0.96,64.34
Armenia,亚美尼亚,亚洲,亚美尼亚语,102.7,2.98,基督教,东欧与中亚,中下收入,10.55,8174.37,2924.82,0.23,0.89,64.46
Australia,澳大利亚,大洋洲,英语,3.2,769.2,基督教,东亚与太平洋地区,高收入,1204.62,44414.03,24125.85,1.35,0.99,71.56
Austria,奥地利,欧洲,德语,106,8.3878,天主教,西欧,高收入,386.43,44143.7,8712.14,0.33,0.96,73.29
Azerbaijan,阿塞拜疆,亚洲,阿塞拜疆语,118.1,8.66,伊斯兰教,东欧与中亚,中上收入,37.85,15994.01,9725.38,1.08,0.99,
Bahamas,巴哈马,北美洲,英语,39.1,1.3878,基督教,拉丁美洲与加勒比海地区,高收入,9.05,21481.73,391.23,1.09,0.96,
Bahrain,巴林,亚洲,阿拉伯语,1848.5,0.0767,伊斯兰教,中东与北非,高收入,31.86,44456.22,1425.17,4.22,1.64,64.98
Bangladesh,孟加拉,亚洲,孟加拉语,1265,14.757,伊斯兰教,南亚,中下收入,221.42,3319.35,162951.56,1.07,1.02,51.75
Barbados,巴巴多斯,北美洲,英语,662.8,0.0431,基督教,拉丁美洲与加勒比海地区,高收入,4.59,15588.27,285,0.26,0.92,59.21
Belarus,白俄罗斯,欧洲,白俄罗斯语,46.9,20.76,东正教,东欧与中亚,中上收入,47.43,16742.26,9480.04,-0.09,0.87,
Belgium,比利时,欧洲,荷兰语,375.6,3.0528,天主教,西欧,高收入,466.37,41945.69,11358.38,0.62,0.97,72.46
Belize,伯利兹,北美洲,英语,16.1,2.2966,基督教,拉丁美洲与加勒比海地区,中上收入,1.77,7831.45,366.95,2.1,0.99,
Benin,贝宁,非洲,法语,96.4,11.2622,其他,撒哈拉以南非洲,低收入,8.58,2009.96,10872.3,2.76,0.99,54.58
Bhutan,不丹,亚洲,宗卡语,21.2,3.8394,佛教,南亚,中下收入,2.24,8105.8,797.77,1.27,1.13,
Bolivia,玻利维亚,南美洲,西班牙语,10.1,109.8581,天主教,拉丁美洲与加勒比海地区,中下收入,33.81,6707.96,10887.88,1.5,1,64.06
Bosnia and Herzegovina,波斯尼亚和黑塞哥维那,欧洲,波斯尼亚语,68.7,5.12,伊斯兰教,东欧与中亚,中上收入,16.56,11179.35,3516.82,-0.41,0.96,
Botswana,博茨瓦纳,非洲,英语,4,58.173,基督教,撒哈拉以南非洲,中上收入,15.27,15513.44,2250.26,1.83,0.98,57.56
Brazil,巴西,南美洲,葡萄牙语,25,851.49,天主教,拉丁美洲与加勒比海地区,中上收入,1796.19,14023.69,207652.87,0.8,0.97,59.73
Brunei Darussalam,文莱,亚洲,马来语,80.3,0.5765,伊斯兰教,东亚与太平洋地区,高收入,11.4,71788.78,423.2,1.32,1.06,62.82
Bulgaria,保加利亚,欧洲,保加利亚语,65.7,11.1002,东正教,东欧与中亚,中上收入,52.4,17709.08,7131.49,-0.65,0.95,68.49
Burkina Faso,布基纳法索,非洲,法语,68.2,27.4122,伊斯兰教,撒哈拉以南非洲,低收入,12.12,1594.58,18646.43,2.9,0.99,
Burundi,布隆迪,非洲,基隆迪语,409.8,2.7834,天主教,撒哈拉以南非洲,低收入,3.01,721.18,10524.12,3.16,0.97,55.45
Cambodia,柬埔寨,亚洲,柬埔寨语,89.3,18.1035,佛教,东亚与太平洋地区,中下收入,20.02,3462.84,15762.37,1.55,0.95,57.28
Cameroon,喀麦隆,非洲,法语,50,47.5442,伊斯兰教,撒哈拉以南非洲,中下收入,24.2,3045.92,23439.19,2.6,1,60.76
Canada,加拿大,北美洲,英语,4,998.467,基督教,北美,高收入,1529.76,43087.76,36289.82,0.93,0.98,73.06
Cape Verde,佛得角,非洲,葡萄牙语,133.9,0.4033,天主教,撒哈拉以南非洲,中下收入,1.62,6074.75,539.56,1.25,0.99,
Chad,乍得,非洲,法语,11.5,128.4,伊斯兰教,撒哈拉以南非洲,低收入,9.6,1845.91,14452.54,3.08,1,47.53
Chile,智利,南美洲,西班牙语,22,75.6715,天主教,拉丁美洲与加勒比海地区,高收入,247.03,22706.72,17909.75,0.82,0.98,64.22
China,中国,亚洲,汉语,144.3,1433.4057,其他,东亚与太平洋地区,中上收入,11199.15,14400.89,1403500.37,0.45,1.06,67.72
Colombia,哥伦比亚,南美洲,西班牙语,43.9,114.1748,天主教,拉丁美洲与加勒比海地区,中上收入,282.46,13124.32,48653.42,0.86,0.97,61.8
Costa Rica,哥斯达黎加,北美洲,西班牙语,95.1,5.11,天主教,拉丁美洲与加勒比海地区,中上收入,57.44,15401.49,4857.27,1.01,1,62.38
C?te d'Ivoire,科特迪瓦,非洲,法语,74.5,32.2463,伊斯兰教,撒哈拉以南非洲,中下收入,36.16,3448.14,23695.92,2.5,1.03,51.12
Croatia,克罗地亚,欧洲,克罗地亚语,78,5.6594,天主教,东欧与中亚,中上收入,50.43,21408.55,4213.27,-0.55,0.93,66.81
Cuba,古巴,北美洲,西班牙语,110.3,10.9884,天主教,拉丁美洲与加勒比海地区,中上收入,87.13,7602,11475.98,0.1,1,
Cyprus,塞浦路斯,亚洲,希腊语,126.6,0.9251,东正教,西欧,高收入,19.8,31195.51,1170.13,0.79,1,66.43
Czech Republic,捷克,欧洲,捷克语,136.8,7.8866,天主教,东欧与中亚,高收入,192.92,31071.75,10610.95,0.07,0.97,71.41
Denmark,丹麦,欧洲,丹麦语,135.6,4.3096,基督教,西欧,高收入,306.14,45686.48,5711.87,0.39,0.99,74.4
Dominican Republic,多米尼加,北美洲,西班牙语,208.2,4.8442,天主教,拉丁美洲与加勒比海地区,中上收入,71.58,14098.88,10648.79,1.12,0.99,57.12
Ecuador,厄瓜多尔,南美洲,西班牙语,66,25.637,天主教,拉丁美洲与加勒比海地区,中上收入,97.8,10462.44,16385.07,1.47,1,59.87
Egypt,阿拉伯埃及,非洲,阿拉伯语,96.1,100.1449,伊斯兰教,中东与北非,中下收入,336.3,10319.26,95688.68,1.97,1.02,55.99
El Salvador,萨尔瓦多,北美洲,西班牙语,306.2,2.072,天主教,拉丁美洲与加勒比海地区,中下收入,26.8,7990,6344.72,0.52,0.89,56.36
Estonia,爱沙尼亚,欧洲,爱沙尼亚语,31.1,4.5339,基督教,东欧与中亚,高收入,23.14,27735.14,1312.44,-0.22,0.88,73.13
Ethiopia,埃塞俄比亚,非洲,阿姆哈拉语,102.4,110.43,东正教,撒哈拉以南非洲,低收入,72.37,1608.29,102403.2,2.48,1,44.44
Fiji,斐济,大洋洲,英语,49.2,1.8333,基督教,东亚与太平洋地区,中上收入,4.63,8862.74,898.76,0.74,1.03,
Finland,芬兰,欧洲,芬兰语,18.1,33.8,基督教,西欧,高收入,236.79,39422.65,5503.13,0.38,0.97,77.07
France,法兰西,欧洲,法语,122.6,67.2834,天主教,西欧,高收入,2465.45,38058.87,64720.69,0.4,0.97,69.94
"Gambia, The",冈比亚,非洲,英语,201.4,1.069,伊斯兰教,撒哈拉以南非洲,低收入,0.96,1565.8,2038.5,3.02,0.98,
Georgia,格鲁吉亚,亚洲,格鲁吉亚语,65,6.97,东正教,东欧与中亚,中下收入,14.33,9267.3,3925.41,-0.5,0.91,
Germany,德意志,欧洲,德语,237,35.7376,基督教,西欧,高收入,3466.76,44072.39,81914.67,0.25,0.97,74.3
Ghana,加纳,非洲,英语,124,23.8537,基督教,撒哈拉以南非洲,中下收入,42.69,3980.2,28206.73,2.22,0.99,61.01
Greece,希腊,欧洲,希腊语,83.4,13.1957,东正教,西欧,高收入,194.56,24263.88,11183.72,-0.26,0.97,64.68
Guatemala,危地马拉,北美洲,西班牙语,154.7,10.8889,天主教,拉丁美洲与加勒比海地区,中下收入,68.76,7366.77,16582.47,1.99,0.97,55.83
Guinea,几内亚,非洲,法语,50.4,24.5857,伊斯兰教,撒哈拉以南非洲,低收入,6.3,1215.03,12395.92,2.52,1.01,48.01
Honduras,洪都拉斯,北美洲,西班牙语,81.4,11.2492,天主教,拉丁美洲与加勒比海地区,中下收入,21.52,4392.27,9112.87,1.67,0.99,55.77
Hungary,匈牙利,欧洲,匈牙利语,108.4,9.303,天主教,东欧与中亚,高收入,124.34,25381.29,9753.28,-0.32,0.91,66.4
Iceland,冰岛,欧洲,冰岛语,3.4,10.2775,基督教,西欧,高收入,20.05,45276.45,332.47,0.72,1.01,71.44
India,印度,亚洲,印地语,450.4,298,其他,南亚,中下收入,2263.52,6092.65,1324171.35,1.14,1.08,55.29
Indonesia,印度尼西亚,亚洲,印度尼西亚语,145.7,190.4569,伊斯兰教,东亚与太平洋地区,中下收入,932.26,10764.55,261115.46,1.12,1.01,62.19
"Iran, Islamic Rep",伊朗伊斯兰,亚洲,波斯语,49.8,164.8195,伊斯兰教,中东与北非,中上收入,393.44,16010.11,80277.43,1.12,1.01,
Ireland,爱尔兰,欧洲,爱尔兰语,69.9,7.0273,天主教,西欧,高收入,294.05,62828.34,4726.08,0.65,0.98,71.67
Israel,以色列,亚洲,希伯来语,402.7,2.574,其他,中东与北非,高收入,318.74,32612.69,8191.83,1.57,0.99,71.75
Italy,意大利,欧洲,意大利语,205.9,30.1338,天主教,西欧,高收入,1849.97,34620.13,59429.94,-0.12,0.95,67.23
Jamaica,牙买加,北美洲,英语,266.1,1.0991,基督教,拉丁美洲与加勒比海地区,中上收入,14.03,8190,2881.36,0.32,0.99,58.39
Japan,日本,亚洲,日语,347.8,37.7972,其他,东亚与太平洋地区,高收入,4939.38,38239.77,127748.51,-0.19,0.95,72.05
Jordan,约旦,亚洲,阿拉伯语,106.5,8.9,伊斯兰教,中东与北非,中下收入,38.65,8389.54,9455.8,2.88,1.03,58.15
Kazakhstan,哈萨克斯坦,亚洲,哈萨克语,6.6,272.49,伊斯兰教,东欧与中亚,中上收入,133.66,23419.91,17987.74,1.27,0.94,69.78
Kenya,肯尼亚,非洲,斯瓦希里语,85.1,58.2646,基督教,撒哈拉以南非洲,中下收入,70.53,2925.6,48461.57,2.54,0.99,59.48
"Korea, Rep",韩国,亚洲,韩语,528,10.0284,基督教,东亚与太平洋地区,高收入,1411.25,34985.85,50791.92,0.38,1,
Kuwait,科威特,亚洲,阿拉伯语,227.4,1.782,伊斯兰教,中东与北非,高收入,114.04,69329.41,4052.58,2.49,1.35,56.08
Kyrgyz Republic,吉尔吉斯,亚洲,俄语,31.7,19.99,伊斯兰教,东欧与中亚,中下收入,6.55,3291.97,5955.73,1.51,0.98,65.14
Lao PDR,老挝,亚洲,老挝语,29.3,23.68,佛教,东亚与太平洋地区,中下收入,15.9,5734.59,6758.35,1.44,0.99,58.36
Latvia,拉脱维亚,欧洲,拉脱维亚语,31.5,6.4589,基督教,东欧与中亚,高收入,27.68,23712.09,1970.53,-1.09,0.85,69.85
Lebanon,黎巴嫩,亚洲,阿拉伯语,587.2,1.0452,伊斯兰教,中东与北非,中上收入,47.54,12974.17,6006.67,1.94,1.01,
Lesotho,莱索托,非洲,英语,72.6,3.0344,基督教,撒哈拉以南非洲,中下收入,2.2,2808.24,2203.82,1.33,0.94,46.88
Liberia,利比里亚,非洲,英语,47.9,11.137,基督教,撒哈拉以南非洲,低收入,2.1,753.56,4613.82,2.52,1.02,48.86
Lithuania,立陶宛,欧洲,立陶宛语,45.8,6.53,天主教,东欧与中亚,高收入,42.74,27904.1,2908.25,-0.72,0.85,70.81
Luxembourg,卢森堡,欧洲,卢森堡语,225.1,0.2586,天主教,西欧,高收入,59.95,97018.66,575.75,1.45,1.01,69.61
"Macedonia, FYR",马其顿,欧洲,马其顿语,82.5,2.5713,东正教,东欧与中亚,中上收入,10.9,13054.78,2081.21,0.09,1,
Madagascar,马达加斯加,非洲,马达加斯加语,42.8,59.075,基督教,撒哈拉以南非洲,低收入,9.99,1396.09,24894.55,2.69,0.99,51.96
Malawi,马拉维,非洲,英语,191.9,11.8484,基督教,撒哈拉以南非洲,低收入,5.44,1083.97,18091.58,2.9,0.98,52.32
Malaysia,马来西亚,亚洲,马来语,96.3,33.0345,伊斯兰教,东亚与太平洋地区,中上收入,296.36,25660.46,31187.27,1.45,1.07,68.29
Maldives,马尔代夫,亚洲,迪维希语,1391.6,0.0298,伊斯兰教,南亚,中上收入,3.59,12235.55,427.76,2.1,1.31,
Mali,马里,非洲,法语,14.7,124,伊斯兰教,撒哈拉以南非洲,低收入,14.05,1962.69,17994.84,2.98,1,46.02
Malta,马耳他,欧洲,马耳他语,1365.5,0.0316,天主教,西欧,高收入,10.95,35694.04,429.36,0.38,1.01,66.13
Mauritania,毛里塔尼亚,非洲,阿拉伯语,4.2,103,伊斯兰教,中东与北非,中下收入,4.63,3572.28,4301.02,2.77,1.02,41.19
Mauritius,毛里求斯,非洲,英语,622.4,0.204,其他,撒哈拉以南非洲,中上收入,12.16,19548.64,1262.13,0.23,0.98,60.34
Mexico,墨西哥,北美洲,西班牙语,66.4,197.255,天主教,拉丁美洲与加勒比海地区,中上收入,1046,16831.12,127540.42,1.28,0.99,61.25
Moldova,摩尔多瓦,欧洲,摩尔多瓦语,123.6,3.38,东正教,东欧与中亚,中下收入,6.75,4944.34,4059.61,-0.18,0.92,62.29
Mongolia,蒙古,亚洲,蒙古语,2,156.65,佛教,东亚与太平洋地区,中下收入,11.16,11328.48,3027.4,1.63,0.98,64.35
Montenegro,黑山,欧洲,黑山语,46.3,1.3812,东正教,东欧与中亚,中上收入,4.17,15658.11,628.62,0.06,0.97,
Morocco,摩洛哥,非洲,阿拉伯语,79,44.655,伊斯兰教,中东与北非,中下收入,101.45,7265.85,35276.79,1.33,0.98,49.47
Mozambique,莫桑比克,非洲,葡萄牙语,36.7,79.938,其他,撒哈拉以南非洲,低收入,11.01,1128.28,28829.48,2.88,0.95,50.18
Myanmar,缅甸,亚洲,缅甸语,81,67.6578,佛教,东亚与太平洋地区,中下收入,67.43,5351.55,52885.22,0.91,0.95,57.67
Namibia,纳米比亚,非洲,英语,3,82.4269,基督教,撒哈拉以南非洲,中上收入,10.27,9812.41,2479.71,2.18,0.95,55.86
Nepal,尼泊尔,亚洲,尼泊尔语,202.2,14.7181,其他,南亚,低收入,21.14,2287.72,28982.77,1.12,0.94,55.92
Netherlands,荷兰,欧洲,荷兰语,515.1,4.1528,天主教,西欧,高收入,770.85,47128.31,16987.33,0.29,0.99,73.07
New Zealand,新西兰,大洋洲,英语,18.2,26.8021,基督教,东亚与太平洋地区,高收入,185.02,35269.1,4660.83,0.98,0.97,74.14
Nicaragua,尼加拉瓜,北美洲,西班牙语,51.1,13.04,天主教,拉丁美洲与加勒比海地区,中下收入,13.23,5136.84,6149.93,1.1,0.97,53.11
Nigeria,尼日利亚,非洲,英语,204.2,92.3768,伊斯兰教,撒哈拉以南非洲,中下收入,405.08,5438.92,185989.64,2.61,1.03,51.06
Norway,挪威,欧洲,挪威语,14.3,38.5,基督教,西欧,高收入,370.56,63810.79,5254.69,1.01,1.02,77.12
Pakistan,巴基斯坦,亚洲,乌尔都语,255.6,88.0254,伊斯兰教,南亚,中下收入,283.66,4866.16,193203.48,1.98,1.06,46.34
Panama,巴拿马,北美洲,西班牙语,54.3,7.5517,天主教,拉丁美洲与加勒比海地区,中上收入,55.19,21334.94,4034.12,1.6,1,63.85
Paraguay,巴拉圭,南美洲,西班牙语,16.9,40.68,天主教,拉丁美洲与加勒比海地区,中上收入,27.44,8877.61,6725.31,1.28,1.03,57.65
Peru,秘鲁,南美洲,西班牙语,24.8,128.5216,天主教,拉丁美洲与加勒比海地区,中上收入,192.09,12071.59,31773.84,1.24,1,62.17
Philippines,菲律宾,亚洲,塔加洛语,351.9,29.97,天主教,东亚与太平洋地区,中下收入,304.91,7236.47,103320.22,1.55,1.01,64.36
Poland,波兰,欧洲,波兰语,123.9,31.2685,天主教,东欧与中亚,高收入,469.51,26003.01,38224.41,-0.12,0.93,69.61
Portugal,葡萄牙,欧洲,葡萄牙语,112.4,9.2212,天主教,西欧,高收入,204.56,27006.87,10371.63,-0.43,0.9,65.7
Qatar,卡塔尔,亚洲,阿拉伯语,221.3,1.1521,伊斯兰教,中东与北非,高收入,152.47,118215.3,2569.8,3.08,3.04,63.97
Romania,罗马尼亚,欧洲,罗马尼亚语,85.6,23.8391,东正教,东欧与中亚,中上收入,186.69,21647.81,19778.08,-0.5,0.94,66.12
Russian Federation,俄罗斯,欧洲,俄语,8.8,1709.82,东正教,东欧与中亚,中上收入,1283.16,24026,143964.51,0.04,0.87,72.16
Rwanda,卢旺达,非洲,卢旺达语,483.1,2.6338,天主教,撒哈拉以南非洲,低收入,8.38,1773.75,11917.51,2.43,0.96,61.06
Saudi Arabia,沙特阿拉伯,亚洲,阿拉伯语,15,225,伊斯兰教,中东与北非,高收入,646.44,50458.17,32275.69,2.14,1.32,58.52
Senegal,塞内加尔,非洲,法语,80,19.6722,伊斯兰教,撒哈拉以南非洲,低收入,14.77,2380.39,15411.61,2.83,0.96,43.33
Serbia,塞尔维亚,欧洲,塞尔维亚语,118.9,8.8361,东正教,东欧与中亚,中上收入,37.75,13720.09,8820.08,-0.34,0.96,62.5
Singapore,新加坡,亚洲,英语,7915.7,0.0719,佛教,东亚与太平洋地区,高收入,296.97,81443.36,5622.46,1.54,0.98,73.28
Slovak Republic,斯洛伐克,欧洲,斯洛伐克语,112.9,4.9037,天主教,东欧与中亚,高收入,89.55,29156.09,5444.22,0.08,0.95,67.14
Slovenia,斯洛文尼亚,欧洲,斯洛文尼亚语,102.5,2.0273,天主教,东欧与中亚,高收入,43.99,29803.45,2077.86,0.13,0.99,73.33
South Africa,南非,非洲,英语,46.1,121.909,基督教,撒哈拉以南非洲,中上收入,294.84,12260.17,56015.47,1.27,0.96,58.09
Spain,西班牙,欧洲,西班牙语,93.1,50.5925,天主教,西欧,高收入,1232.09,33261.08,46347.58,-0.05,0.96,65.6
Sri Lanka,斯里兰卡,亚洲,僧伽罗语,338.1,6.561,佛教,南亚,中下收入,81.32,11417.26,20798.49,0.39,0.93,61.19
Suriname,苏里南,南美洲,荷兰语,3.6,16.3821,基督教,拉丁美洲与加勒比海地区,中上收入,3.62,13113.86,558.37,0.91,1.01,
Swaziland,斯威士兰,非洲,英语,78.1,1.7363,基督教,撒哈拉以南非洲,中下收入,3.73,7733.81,1343.1,1.8,0.94,47.15
Sweden,瑞典,欧洲,瑞典语,24.3,44.9964,基督教,西欧,高收入,511,46441.21,9837.53,0.75,1,73.95
Switzerland,瑞士,欧洲,德语,214.2,4.1284,天主教,西欧,高收入,659.83,56625.14,8401.74,0.93,0.98,76.48
Syria,叙利亚,亚洲,阿拉伯语,100.4,18.518,伊斯兰教,中东与北非,中下收入,40.41,1535,18430.45,-1.26,1.02,
Tajikistan,塔吉克斯坦,亚洲,塔吉克语,62.9,14.31,伊斯兰教,东欧与中亚,中下收入,6.95,2762.59,8734.95,2.13,1.01,63.79
Tanzania,坦桑尼亚,非洲,斯瓦希里语,62.7,94.5087,伊斯兰教,撒哈拉以南非洲,低收入,47.43,2583.28,55572.2,3.09,0.98,53.58
Thailand,泰国,亚洲,泰语,135.1,51.312,佛教,东亚与太平洋地区,中上收入,406.84,15681.81,68863.51,0.28,0.95,66.15
Timor-Leste,东帝汶,亚洲,德顿语,85.3,1.4874,天主教,东亚与太平洋地区,中下收入,1.44,2151.11,1268.67,2.18,1.03,
Tunisia,突尼斯,非洲,阿拉伯语?,73.4,16.361,伊斯兰教,中东与北非,中下收入,42.06,10752.02,11403.25,1.13,0.98,50.76
Turkey,土耳其,亚洲,土耳其语,104.9,78.36,伊斯兰教,中东与北非,中上收入,857.75,23679.4,79512.43,1.56,0.97,60.33
Uganda,乌干达,非洲,英语,206.9,24.155,天主教,撒哈拉以南非洲,低收入,25.53,1713.85,41487.97,3.28,0.99,58.73
Ukraine,乌克兰,欧洲,乌克兰语,77.7,60.37,东正教,东欧与中亚,中下收入,93.27,7668.06,44438.63,-0.49,0.86,71.27
United Arab Emirates,阿联酋,亚洲,阿拉伯语,110.9,8.36,伊斯兰教,中东与北非,高收入,348.74,67133.07,9269.61,1.33,2.67,65.48
United Kingdom,英国,欧洲,英语,272.9,24.41,基督教,西欧,高收入,2618.89,38901.05,65788.57,0.6,0.97,71.31
United States,美国,北美洲,英语,35.6,937,基督教,北美,高收入,18569.1,53272.52,322179.61,0.7,0.98,74.84
Uruguay,乌拉圭,南美洲,西班牙语,19.7,17.62,天主教,拉丁美洲与加勒比海地区,高收入,52.42,20046.93,3444.01,0.37,0.93,62.26
Venezuela,委内瑞拉,南美洲,西班牙语,35.8,91.6445,天主教,拉丁美洲与加勒比海地区,中上收入,371.01,17665.24,31568.18,1.3,0.99,56.88
Vietnam,越南,亚洲,越南语,298.9,32.9556,佛教,东亚与太平洋地区,中下收入,202.62,5955.26,94569.07,1.04,0.98,62.19
Yemen,也门,亚洲,阿拉伯语,52.2,52.797,伊斯兰教,中东与北非,中下收入,27.32,2325.07,27584.21,2.42,1.02,35.48
Zimbabwe,津巴布韦,非洲,英语,41.7,39,基督教,撒哈拉以南非洲,低收入,16.29,1859.94,16150.36,2.33,0.95,
Guyana,圭亚那,南美洲,英语,3.9,214970,基督教,拉丁美洲与加勒比海地区,中下收入,1.11,6545,800,0.51,0.99,
Kyrgyzstan,吉尔吉斯斯坦,亚洲,俄语,31.7,199900,伊斯兰教,东欧与中亚,低收入,1.98,2073,5280,0.82,1.03,
Oman,阿曼,亚洲,阿拉伯语,14.3,309501,伊斯兰教,中东与北非,高收入,70.25,35983,4490.54,1.4,0.51,
Trinidad and Tobago,特多,南美洲,英语,266.1,5128,天主教,拉丁美洲与加勒比海地区,高收入,27.81,30677,1360.09,0.26,1.03,
Uzbekistan,乌兹别克斯坦,亚洲,乌兹别克语,74.9,447400,伊斯兰教,东欧与中亚,低收入,21.04,2290,26870,1.43,1.02,
Zambia,赞比亚,非洲,英语,22.3,752614,其他,撒哈拉以南非洲,中下收入,16.24,3898,15020,3.26,1,
