标签,类别
滨名孝行,2
高桥直人,0
温馨,3
米林宏昌,3
青岛崇,5
旅游,3
平行世界,4
林原惠美,2
川口敬一郎,5
森邦宏,1
妖怪,3
励志,4
NOMAD,0
浪漫,3
Re:从零开始异世界生活,5
期待,3
橘麻美,4
CG,2
森田修平,2
安倍吉俊,4
龙傲天,5
纯情,0
雨宫哲,2
神谷纯,2
黄段子,0
Orange,4
安浓高志,2
佐桥俊彦,1
supercell,5
吉冈孝夫,0
兵头一步,5
杉井仪三郎,2
前传,4
伊藤智彦,4
精灵宝可梦,2
平井久司,4
东映,1
市川量也,5
近藤信宏,1
颜艺,4
芝山努,3
暴力,4
冈村天斋,2
BONES,2
动画未来,3
致郁,4
吉田伸,1
小仓宏文,3
梶浦由记,4
川元利浩,1
魔法少女,1
桥本由香利,5
根元岁三,5
Manglobe,4
ぎゃろっぷ,1
和田薰,2
石平信司,5
寓言,4
TMS,3
5pb.,4
脑补,0
橘正纪,4
学生会,0
村濑修功,2
古内一成,3
名和宗则,5
MAPPA,4
外传,5
超自然,1
千明孝一,2
美型,0
几原邦彦,2
福岛宏之,1
童话,3
吉森信,4
京田知己,2
高屋敷英夫,3
吉本欣司,0
矢野雄一郎,3
小林智树,0
望月智充,2
芦名稔,5
热血,1
高桥敦史,3
梶岛正树,0
待田堂子,5
大小姐,0
小野学,5
西游记,1
小中千昭,2
秋山胜仁,2
玩梗,5
锦织敦史,5
宇宙,2
Passione,5
奥庆一,1
梦想,2
野村祐一,2
绿川幸,4
变态,0
血腥,4
佐伯昭志,0
中二病,4
怪谈,3
岩崎琢,4
冈田麿里,5
安藤雅司,2
仓田英之,5
稻垣隆行,0
高桥奈津子,3
大知庆一郎,5
运动,4
广告,5
女神异闻录,4
桥本裕之,5
枪战,4
吸血鬼,4
富田祐弘,2
滨口史郎,4
荒川稔久,5
女王,2
满仲劝,4
神前晓,5
高柳滋仁,5
BanGDream,5
后藤圭二,4
岩崎太郎,4
松尾衡,2
小林靖子,4
妄想,4
文艺,0
超时空要塞,2
大冢雅彦,2
小池健,2
死神,1
海法纪光,4
神山健治,2
杀必死,0
大沼心,5
大河原邦男,2
奇诺之旅,4
新房昭之,0
岸诚二,4
GONZO,2
中村能子,5
神魔,2
异世界,5
黑丝,0
Type-Moon,4
铃木行,0
赤松健,0
蘑菇,4
松原秀典,2
8bit,5
HalFilmMaker,0
教育片,0
青春,5
安藤裕章,2
柳泽哲也,0
工口,0
贵圈真乱,1
安彦良和,2
本田雄,2
银魂,1
北久保弘之,2
今泉贤一,0
圣斗士星矢,1
高达,2
机动警察,2
竞技,4
龙轮直征,0
青木英,4
讲谈社,0
SynergySP,3
佐藤卓哉,5
渡航,5
Fanworks,3
民工,1
生活,3
告白实行委员会,0
Studio4℃,2
富坚义博,1
加藤阳一,1
偶像大师,5
剧中剧,4
下田正美,0
清新,2
友情,2
世界系,2
龟田祥伦,4
小川优树,5
小林常夫,1
乙女向,0
丧尸,4
童年,1
加户誉夫,0
反战,3
山口亮太,1
龙珠,1
社会,3
异态,1
日常,5
土屋理敬,3
和田纯一,5
父女,5
ZEXCS,0
中村孝,2
成田良悟,4
女装,5
古田丈司,1
虫Production,3
娘化,0
糟糕,0
钉宫理惠,0
吉田玲子,1
恶魔,0
萝卜,2
哥特,0
leaf,0
千羽由利子,0
鹤卷和哉,2
魔法少女☆伊莉雅,5
子供向,1
校园,5
GAINAX,2
projectNo.9,5
重制,1
银河英雄传说,2
安尼普,5
谷东,3
上江洲诚,4
森井健史郎,5
高木登,4
三国,0
结城信辉,2
濑古浩司,4
白根秀树,5
杂破业,0
真实系,3
Actas,3
林友树,1
阿部记之,1
三无,0
峰仓和也,1
宣传,3
奈须蘑菇,4
子安秀明,5
龙之子,2
科普,3
SILVERLINK.,5
鹭巢诗郎,2
独立动画,3
伊魔崎斋,5
志茂文彦,5
中村隆太郎,4
下限,0
心理,2
TAF,3
CoMixWave,3
萌,5
冲浦启之,2
高桥留美子,2
海贼王,1
C2C,5
金春智子,3
天冲,5
兄妹,5
萌王,1
铃木信吾,0
复仇,4
Diomedéa,0
期待在地下城邂逅有错吗,5
江崎慎平,4
熊谷纯,4
神户守,4
冈本英树,0
感人,2
榎户洋司,2
樋口达人,4
中村健治,2
加濑充子,3
旭Production,5
铃木智寻,1
介错,0
妹抖,0
田中芳树,2
温情,3
村井秀清,4
金卷兼一,4
石滨真史,4
西森章,3
怪盗,3
青年动画制作者育成计划,3
增井壮一,5
超能力,4
GoHands,0
Colorido,2
社会问题,0
女仆,0
TelecomAnimationFilm,3
废土,4
职场,5
Q版,5
铃木洋平,5
暧昧,1
奇幻,4
浅香守生,4
光宗信吉,0
装甲骑兵,3
Studio五组,5
网飞,4
车田正美,1
小柳启伍,4
美少女战士,1
StudioComet,1
圣斗士,1
贺东招二,5
轮回,4
日本动画公司,3
工藤进,4
战争,2
Ordet,5
偶像活动,1
萝莉,5
高雄统子,5
进击的巨人,4
白组,3
千叶克彦,1
井上俊之,2
山田隆司,1
乐队,5
料理,1
小原正和,5
桂正和,1
片渊须直,2
+Ultra,4
工藤昌史,3
单元剧,3
平井脸,4
渡边步,3
森本晃司,2
吐槽,5
neta,5
Genostudio,4
业界,0
藤咲淳一,2
樋口真嗣,2
铃木利正,4
双子,4
寺田宪史,2
黄濑和哉,2
红优,0
人偶,0
斋藤久,0
梦太公司,0
山田尚子,5
恋爱,0
石黑升,2
片山一良,2
小林治,2
特典,5
Production.I.G,2
集英社,1
吉浦康裕,2
成长,3
金子拓,0
朱夏,4
ProductionIMS,5
大冢康生,3
战斗,4
黑暗,4
大岛满,4
水岛精二,4
佐藤顺一,0
川越淳,3
HoodsEntertainment,5
实验动画,2
key,5
吉原正行,3
基,0
群像,4
云雀工作室,0
岸间信明,3
家庭,3
锅岛修,1
四格,5
野中卓也,4
音乐,5
舛成孝二,4
藤田伸三,3
博史池畠,5
平池芳正,5
大野木宽,2
摩砂雪,2
吉野弘幸,5
作画wiki推荐,2
魔法,0
太田雅彦,5
人生,2
A.P.P.P.,2
菅沼荣治,0
伊藤和典,2
小岛正幸,3
隅泽克之,1
细田守,2
大和屋晓,1
有泽孝纪,1
黑杰克,3
神志那弘志,1
能登麻美子,0
横手美智子,5
横谷昌宏,5
大谷幸,4
艺术,2
未知瑠,4
病娇,0
金泽洪充,0
山崎和男,2
太空,2
Nitro+,4
僵尸,4
立山秋航,5
美食,4
TRIGGER,2
Fate,4
赤根和树,2
GroupTac,2
河下水希,0
平尾隆之,0
久保带人,1
浦畑达彦,0
文艺复兴,1
手冢治虫,3
一迅社,5
武士,4
前川淳,5
光之美少女,1
武上纯希,1
高村和宏,0
冒险,4
菅野佑悟,4
山本裕介,5
村井贞之,4
SUNRISE,1
京阿尼,5
木村畅,4
日本广播协会,3
本乡满,1
福田己津央,2
EVA,2
妹妹,5
Satelight,5
恶魔人,2
续作,3
井上敏树,1
池田真美子,1
拟人,5
绫奈由仁子,5
哔哩哔哩股份有限公司,5
株式会社ILCA,3
Group Tac,2
细田直人,0
泽野弘之,4
高桥龙也,5
川面真也,5
园田英树,0
旅行,4
松田彬人,5
赛博朋克,2
柳伸亮,5
山田由香,0
Khara,2
森健,2
宅野诚起,5
平野俊贵,2
岸本卓,4
今千秋,0
KINEMACITRUS,4
侦探,0
田中亮,5
小学生,3
篮球,5
藤泽庆昌,5
佐藤大,2
山根公利,2
水野良,1
Science SARU,4
佐藤龙雄,4
滨崎博嗣,4
赤城博昭,5
星山博之,2
排球少年,4
犯罪,4
安田贤司,5
末广健一郎,4
强袭魔女,0
BrainsBase,4
成田良美,1
柿原优子,3
迫井政行,5
合体,2
安藤真裕,4
文化,3
asread,0
宫崎骏,3
排球,4
悲剧,3
灵异,0
服部隆之,2
横滨AnimationLABO,5
菅野洋子,2
魔幻,4
奥胁雅晴,3
入江泰浩,2
原画,0
古桥一浩,1
少年系,1
草川启造,5
榊一郎,5
魔法老师,0
天使,0
哆啦A梦,3
作画,2
矢立肇,1
镝木宏,4
虐狗,3
偶像,5
网野哲郎,2
丹尼动画,2
金崎贵臣,0
荒川弘,4
大河内一楼,2
虚渊玄,4
鸿野贵光,0
长山延好,0
丸山正雄,2
吉川惣司,3
暗杀教室,4
士郎正宗,2
大畑晃一,1
梁邦彦,1
平静,3
高本宣弘,0
动物,3
eight bit,5
studiodeen,0
姐控,0
电波,5
天野喜孝,2
小畑健,4
中川幸太郎,4
环保,3
尾田荣一郎,1
LoveLive,5
恩田尚之,2
橘秀树,5
出渊裕,2
藤森雅也,2
松尾早人,1
Studio3Hz,4
会川升,2
川崎裕之,4
村田雅彦,3
米村正二,1
上野贵美子,3
荒牧伸志,2
水岛努,0
赤井俊文,4
恶搞,0
坂井久太,0
OLM,0
空战,2
古怒田健志,5
池添隆博,2
兽耳,0
蒸汽朋克,4
木村真一郎,0
远藤明范,2
手冢Production,3
柳濑雄之,5
及川启,5
藤岛康介,1
precure,1
SANZIGEN,5
davidproduction,4
山本宽,5
黄段子学生会,0
公主,0
久石让,3
三泽康广,5
小林七郎,2
BRIDGE,2
傲娇,0
柏原宽司,3
今敏,2
石塚敦子,4
kuso,0
赛璐珞,3
神棍,2
天然,0
宇田钢之介,1
露点,0
冲方丁,4
今石洋之,2
绵田慎也,1
猪原健太,5
川濑敏文,1
Lerche,4
米田和弘,4
山田靖智,0
信本敬子,2
西村聪,4
首藤刚志,2
荒木飞吕彦,4
Feel.,5
小仓宏昌,2
石原立也,5
鬼怪,3
松本零士,2
辻初树,1
藤原佳幸,5
平泽久义,5
长井龙雪,5
攻殻機動隊,2
军事,5
尾崎隆晴,4
夏目真悟,4
J.C.STAFF,0
山本沙代,2
SHAFT,0
大逃杀,4
川尻善昭,2
大友克洋,2
山本泰一郎,3
NTR,5
Bushiroad,5
魔改,1
鸟山明,1
外星人,0
秋田谷典昭,5
矶光雄,2
宗教,2
梦太Company,0
樱美胜志,5
W-toonStudio,5
P.A.WORKS,4
小野贤章,1
温泉,5
SevenArcs,5
赛车,2
菊地康仁,5
动画工房,5
卖肉,0
芳文社,5
菅正太郎,4
大野雄二,3
岛田文金,0
擦边,0
高桥丈夫,5
JUMP,1
性转,0
TMS娱乐,3
押井守,2
吉村爱,4
中二,4
大学,0
大野敏哉,4
魔女,2
別所诚人,2
中岛一基,2
横山克,4
广井王子,1
历史,3
忍者,1
西尾大介,1
noitaminA,4
目黑将司,4
架空,4
富野由悠季,2
开挂,4
千住明,1
信田祐,5
CLAMP,4
中村丰,2
天地无用,0
天降,0
追崎史敏,0
川崎逸朗,0
丹羽圭子,3
松本理惠,1
棒球,3
幼女向,1
魔法禁书目录,5
StudioPierrot,1
锦织博,5
爽片,5
烂尾,2
今川泰宏,3
板野一郎,2
铃木健一,1
超自然系,0
格斗,4
MoNACA,5
苇Production,2
二战,2
狗粮,5
TYOAnimations,0
动作,4
椎名豪,4
旭production,5
鸭志田一,5
濑下宽之,4
儿玉兼嗣,1
梅津泰臣,4
霸权,1
中村亮介,4
近藤光,4
CRAFTAR,2
藤田阳一,1
林明美,2
西久保瑞穗,2
米谷良知,3
前田真宏,2
妄想学生会,0
中泽一登,2
少女,0
软妹,0
后宫,0
花田十辉,5
岩代太郎,4
意识流,2
公路片,4
中嶋敦子,1
BEETRAIN,4
岸田隆宏,4
百合,5
妹控,5
ZERO-G,5
长崎健司,1
猪爪慎一,4
杉野昭夫,3
猫,3
藤子·F·不二雄,3
STUDIOPUYUKAI,5
恐怖,0
田中仁,1
富冈淳广,1
巨乳,0
菅原雪绘,5
XEBEC,0
Macross,2
今西隆志,2
小魔女DoReMi,1
贞本义行,2
真下耕一,4
平泽进,2
今泉贵博,5
St.Signpost,0
生存,4
柯南,3
麻枝准,5
池田成,2
BNPictures,1
谷村大四郎,3
胃药,5
Signal-MD,4
樱花大战,1
三云岳斗,5
大地丙太郎,0
樱井弘明,0
石川学,3
装逼,5
鲁邦三世,3
古川博之,0
幕末,3
3D,2
CloverWorks,4
笔安一幸,5
水手服,2
异能幻想,0
Studio Gallop,1
太空歌剧,2
村田和也,4
脑洞,5
治愈,5
在地下城寻求邂逅是否搞错了什么,5
山川吉树,5
神保昌登,5
渡部高志,0
战国,3
渡边明夫,0
CreatorsinPack,5
吉原达矢,5
orange,4
田村正文,5
安川正吾,5
安藤正臣,4
政治,4
推理,4
宫繁之,4
高梨康治,1
野村和也,4
出崎统,3
伊藤真澄,2
池端隆史,2
林直孝,5
森胁真琴,5
苇PRODUCTION,2
中村春菊,0
池赖广,4
天门,0
ufotable,4
西尾维新,0
怀旧,3
KittyFilm,2
幼女,5
羽原信义,4
新锐动画,3
WITSTUDIO,4
DLE,3
岩浪美和,3
童梦,0
多田俊介,2
亲情,3
声优,0
CONNECT,5
山本秀世,5
清水惠,0
安达充,2
内涵,2
原惠一,3
川井宪次,2
MADHouse,2
岛田满,1
悬疑,4
WHITEFOX,5
大张正己,2
伊藤嘉之,2
有生之年,0
山崎光惠,5
便当,4
砂山藏澄,1
黑柳利充,5
林重行,2
熊本浩武,3
JOJO,4
党争,5
社团,5
元永庆太郎,0
SHIN-EI,3
Q娃,1
黑帮,4
长滨博史,0
亚细亚堂,5
黑化,0
佐佐木勅嘉,5
黑星红白,0
马越嘉彦,1
御姐,2
伊达勇登,1
凤傲天,5
凑未来,5
五十岚卓哉,1
加藤达也,5
中西伸彰,0
株式会社 AXsiZ,5
武本康弘,5
传说系列,1
板垣伸,0
渡边信一郎,2
佐藤敬一,1
吉村清子,4
桥本晋治,2
木村宽,5
渡边政治,5
游戏王,1
A-1Pictures,4
异能,2
石黑恭平,4
山贺博之,2
村田莲尔,2
PERSONA,4
大森贵弘,4
加速世界,5
田中罗密欧,5
幽灵,3
ROBOT,3
科乐美,0
高坂希太郎,3
增田俊郎,0
ArtLand,0
TNK,0
立川让,4
高畑勋,3
东方,2
小山高生,1
武藤康之,4
智斗,4
龙骑士07,0
关岛真赖,0
人性,3
久尾步,5
后信治,0
穿越,5
猎奇,0
佐藤雄三,3
cygames,5
特摄,4
堤博明,5
冈田斗司夫,2
镰池和马,5
足球,1
水上清资,2
空气系,5
久米田康治,5
高山文彦,2
石立太一,5
美树本晴彦,2
小森香织,5
大平晋也,2
数码宝贝,1
轻百合,5
和月伸宏,1
田中将贺,5
小俣真一,0
下山健人,5
铃木雅词,0
反乌托邦,4
小野胜巳,1
荒木哲郎,4
科幻,2
神鬼,1
伪娘,5
天然呆,0
搞笑,5
手塚PRODUCTION,3
节操,0
EMT2,5
网游,5
三角恋,2
七尾奈留,0
纯爱,0
变身,1
星辰大海,2
和风,3
田中公平,1
Arms,0
松本宪生,2
岩崎良明,0
六花工作室,2
兄弟,2
东京MOVIE,3
山本靖贵,0
大桥誉志光,4
高山克彦,0
吉永尚之,2
卡牌,1
小太刀右京,4
志水淳儿,1
广田光毅,3
AI,4
久弥直树,5
剧情,4
动画国际公司,0
催泪,3
伊藤尚往,1
十川诚志,1
万球,5
皮乐,1
暗黑,0
龟井干太,4
PolygonPictures,4
火影忍者,1
暗荣,0
长泽刚,5
京极尚彦,4
汤山邦彦,1
山内重保,1
Graphinica,0
近藤喜文,3
西村纯二,1
华丽,1
山口宏,0
山口祐司,4
正太,5
犬夜叉,1
桥本昌和,4
吉卜力,3
LIDENFILMS,4
上村泰,5
山崎理,3
青山刚昌,3
村野佑太,5
难波日登志,4
兄控,5
河森正治,2
笠井贤一,0
金月龙之介,0
末世,4
筱原俊哉,1
金杉弘子,0
HAL_FILM_MAKER,0
三重野瞳,5
扭曲,5
A.C.G.T,4
动画史上绝无仅有的神作,1
神风动画,2
